/*Insert tabla persona*/
use modulo_de_facturas;
INSERT INTO `modulo_de_facturas`.`persona` (`cedula`, `nombre`, `ape1`, `ape2`, `fecha_nacimiento`, `estado`, `codigo_empleado`, `id_ubicacion`) VALUES ('113370169', 'Karla ', 'Hernandez', 'Chanto', '1987-12-06', 'Activo', '100101', '102');
INSERT INTO `modulo_de_facturas`.`persona` (`cedula`, `nombre`, `ape1`, `ape2`, `fecha_nacimiento`, `estado`, `codigo_empleado`, `id_ubicacion`) VALUES ('504030267', 'Andrea', 'Hernandez', 'Carrillo', '1995-03-06', 'Activo', '100103', '103');
INSERT INTO `modulo_de_facturas`.`persona` (`cedula`, `nombre`, `ape1`, `ape2`, `fecha_nacimiento`, `estado`, `codigo_empleado`, `id_ubicacion`) VALUES ('116590382', 'Adriana', 'Hernandez', 'Quesada', '1996-11-15', 'Activo', '100104', '101');
INSERT INTO `modulo_de_facturas`.`persona` (`cedula`, `nombre`, `ape1`, `ape2`, `fecha_nacimiento`, `estado`, `codigo_empleado`, `id_ubicacion`) VALUES ('20709002', 'Juan', 'Gonzalez', 'Mora', '1990-05-11', 'Activo', '901', '202');
INSERT INTO `modulo_de_facturas`.`persona` (`cedula`, `nombre`, `ape1`, `ape2`, `fecha_nacimiento`, `estado`, `codigo_empleado`, `id_ubicacion`) VALUES ('10709001', 'Pedro', 'Valverde', 'Saenz', '1989-04-12', 'Activo', '902', '206');
INSERT INTO `modulo_de_facturas`.`persona` (`cedula`, `nombre`, `ape1`, `ape2`, `fecha_nacimiento`, `estado`, `codigo_empleado`, `id_ubicacion`) VALUES ('30709003', 'Pablo', 'Lopez', 'Soto', '1988-03-01', 'Activo', '903', '104');
INSERT INTO `modulo_de_facturas`.`persona` (`cedula`, `nombre`, `ape1`, `ape2`, `fecha_nacimiento`, `estado`, `codigo_empleado`, `id_ubicacion`) VALUES ('40709004', 'Lucrecia', 'Salvatierra', 'Ruiz', '1987-04-04', 'Activo', '904', '201');
INSERT INTO `modulo_de_facturas`.`persona` (`cedula`, `nombre`, `ape1`, `ape2`, `fecha_nacimiento`, `estado`, `codigo_empleado`, `id_ubicacion`) VALUES ('50709005', 'Marta', 'Picado', 'Conejo', '1986-05-01', 'Activo', '905', '102');
INSERT INTO `modulo_de_facturas`.`persona` (`cedula`, `nombre`, `ape1`, `ape2`, `fecha_nacimiento`, `estado`, `codigo_empleado`, `id_ubicacion`) VALUES ('60709005', 'Rodolfo', 'Blanco', 'Lopez', '1984-08-17', 'Activo', '906', '103');
INSERT INTO `modulo_de_facturas`.`persona` (`cedula`, `nombre`, `ape1`, `ape2`, `fecha_nacimiento`, `estado`, `codigo_empleado`, `id_ubicacion`) VALUES ('70709007', 'Lucia', 'Fernandez', 'Castro', '1993-10-05', 'Activo', '907', '203');

/*Insert tabla domicilio*/
INSERT INTO `modulo_de_facturas`.`domicilio` (`id_ubicacion`, `pais`, `provincia`, `ciudad`, `cedula`) VALUES ('101', 'CR', 'San Jose', 'San Jose', '116590382');
INSERT INTO `modulo_de_facturas`.`domicilio` (`id_ubicacion`, `pais`, `provincia`, `ciudad`, `cedula`) VALUES ('102', 'CR', 'San Jose', 'Escazu', '113370169');
INSERT INTO `modulo_de_facturas`.`domicilio` (`id_ubicacion`, `pais`, `provincia`, `ciudad`, `cedula`) VALUES ('103', 'CR', 'San Jose', 'Desamparados', '504030267');
INSERT INTO `modulo_de_facturas`.`domicilio` (`id_ubicacion`, `pais`, `provincia`, `ciudad`) VALUES ('104', 'CR', 'San Jose', 'Puriscal');
INSERT INTO `modulo_de_facturas`.`domicilio` (`id_ubicacion`, `pais`, `provincia`, `ciudad`) VALUES ('105', 'CR', 'San Jose', 'Tarrazu');
INSERT INTO `modulo_de_facturas`.`domicilio` (`id_ubicacion`, `pais`, `provincia`, `ciudad`) VALUES ('201', 'CR', 'Alajuela', 'Alajuela');
INSERT INTO `modulo_de_facturas`.`domicilio` (`id_ubicacion`, `pais`, `provincia`, `ciudad`) VALUES ('202', 'CR', 'Alajuela', 'San Ramon');
INSERT INTO `modulo_de_facturas`.`domicilio` (`id_ubicacion`, `pais`, `provincia`, `ciudad`) VALUES ('203', 'CR', 'Alajuela', 'Grecia');
INSERT INTO `modulo_de_facturas`.`domicilio` (`id_ubicacion`, `pais`, `provincia`, `ciudad`) VALUES ('204', 'CR', 'Alajuela', 'San Mateo');
INSERT INTO `modulo_de_facturas`.`domicilio` (`id_ubicacion`, `pais`, `provincia`, `ciudad`) VALUES ('205', 'CR', 'Alajuela', 'Atenas');
INSERT INTO `modulo_de_facturas`.`domicilio` (`id_ubicacion`, `pais`, `provincia`, `ciudad`) VALUES ('206', 'CR', 'Alajuela', 'Naranjo');

/*Insert equipo_computo*/
INSERT INTO `modulo_de_facturas`.`computo_equipo` (`id_maquina`, `marca`, `modelo`, `tipo`, `contrasena`, `estado`, `caracteristicas`, `id_usuario`) VALUES ('SJ-1', 'HP', 'Pavillon', 'Portatil', '1234', 'Bueno', 'Nueva', '113370169');
INSERT INTO `modulo_de_facturas`.`computo_equipo` (`id_maquina`, `marca`, `modelo`, `tipo`, `contrasena`, `estado`, `caracteristicas`, `id_usuario`) VALUES ('SJ-2', 'Lenovo', 'Ideapad', 'Portatil', '321', 'Bueno', 'Seminueva', '113370169');
INSERT INTO `modulo_de_facturas`.`computo_equipo` (`id_maquina`, `marca`, `modelo`, `tipo`, `contrasena`, `estado`, `caracteristicas`, `id_usuario`) VALUES ('SJ-3', 'Dell', 'Inspiron', 'Portatil', '789', 'Bueno', 'Nueva', '116590382');

/*Insert Bitacora*/
INSERT INTO `modulo_de_facturas`.`bitacora_tabla` (`id_bitacora`, `id_usuario`, `id_maquina`, `consecutivo`, `codigo_empleado`) VALUES ('1', '113370169', 'SJ-1', '1', '100101');
INSERT INTO `modulo_de_facturas`.`bitacora_tabla` (`id_bitacora`, `id_usuario`, `id_maquina`, `consecutivo`, `codigo_empleado`) VALUES ('2', '504030267', 'SJ-2', '2', '100106');
INSERT INTO `modulo_de_facturas`.`bitacora_tabla` (`id_bitacora`, `id_usuario`, `id_maquina`, `consecutivo`, `codigo_empleado`) VALUES ('3', '116590382', 'SJ-3', '3', '100104');

/*Insert Empleador*/
INSERT INTO `modulo_de_facturas`.`empleador` (`razon_social`, `nombre_comercial`, `sector`, `estado`, `departamento`, `id_ubicacion`, `id_cuenta`) VALUES ('310109', 'Poder Judicial', 'Justicia', 'Activo', 'Financiero Contable', '101', 'CR310109');
INSERT INTO `modulo_de_facturas`.`empleador` (`razon_social`, `nombre_comercial`, `sector`, `estado`, `departamento`, `id_ubicacion`, `id_cuenta`) VALUES ('310105', 'Purdy Motor', 'Automotriz', 'Activo', 'Ventas', '102', 'CR310105');
INSERT INTO `modulo_de_facturas`.`empleador` (`razon_social`, `nombre_comercial`, `sector`, `estado`, `departamento`, `id_ubicacion`, `id_cuenta`) VALUES ('310108', 'Libreria Universal', 'Articulos Oficina', 'Activo', 'Ventas', '103', 'CR310108');
INSERT INTO `modulo_de_facturas`.`empleador` (`razon_social`, `nombre_comercial`, `sector`, `estado`, `departamento`, `id_ubicacion`, `id_cuenta`) VALUES ('110155', 'Emils Catering Service', 'Catering', 'Activo', 'Ventas', '104', 'CR110155');
INSERT INTO `modulo_de_facturas`.`empleador` (`razon_social`, `nombre_comercial`, `sector`, `estado`, `departamento`, `id_ubicacion`, `id_cuenta`) VALUES ('400902', 'ICE', 'Electricidad', 'Activo', 'Ventas', '105', 'CR400902');
INSERT INTO `modulo_de_facturas`.`empleador` (`razon_social`, `nombre_comercial`, `sector`, `estado`, `departamento`, `id_ubicacion`, `id_cuenta`) VALUES ('400338', 'AYA', 'Acueductos', 'Activo', 'Ventas', '201', 'CR400338');
INSERT INTO `modulo_de_facturas`.`empleador` (`razon_social`, `nombre_comercial`, `sector`, `estado`, `departamento`, `id_ubicacion`, `id_cuenta`) VALUES ('310188', 'MExpress', 'Electrodomesticos', 'Activo', 'Ventas', '202', 'CR310188');
INSERT INTO `modulo_de_facturas`.`empleador` (`razon_social`, `nombre_comercial`, `sector`, `estado`, `departamento`, `id_ubicacion`, `id_cuenta`) VALUES ('310154', 'Gollo', 'Electrodomesticos', 'Activo', 'Ventas', '203', 'CR310154');
INSERT INTO `modulo_de_facturas`.`empleador` (`razon_social`, `nombre_comercial`, `sector`, `estado`, `departamento`, `id_ubicacion`, `id_cuenta`) VALUES ('312834', 'Diclean', 'Limpieza', 'Activo', 'Ventas', '204', 'CR312834');
INSERT INTO `modulo_de_facturas`.`empleador` (`razon_social`, `nombre_comercial`, `sector`, `estado`, `departamento`, `id_ubicacion`, `id_cuenta`) VALUES ('314887', 'CG SA', 'Seguridad Privada', 'Activo', 'Ventas', '205', 'CR314887');
INSERT INTO `modulo_de_facturas`.`empleador` (`razon_social`, `nombre_comercial`, `sector`, `estado`, `departamento`, `id_ubicacion`, `id_cuenta`) VALUES ('395867', 'DHL', 'Mensajeria', 'Inactivo', 'Ventas', '206', 'CR395867');
INSERT INTO `modulo_de_facturas`.`empleador` (`razon_social`, `nombre_comercial`, `sector`, `estado`, `departamento`, `id_ubicacion`, `id_cuenta`) VALUES ('300220', 'Correos de Costa Rica', 'Mensajeria', 'Activo', 'Ventas', '201', 'CR300220');
INSERT INTO `modulo_de_facturas`.`empleador` (`razon_social`, `nombre_comercial`, `sector`, `estado`, `departamento`, `id_ubicacion`, `id_cuenta`) VALUES ('363543', 'KFC', 'Comida Rapida', 'Inactivo', 'Ventas', '202', 'CR363543');
INSERT INTO `modulo_de_facturas`.`empleador` (`razon_social`, `nombre_comercial`, `sector`, `estado`, `departamento`, `id_ubicacion`, `id_cuenta`) VALUES ('310132', 'Telecable', 'Internet', 'Activo', 'Ventas', '203', 'CR310132');

/*insert en cuenta_iban_empleador*/
INSERT INTO `modulo_de_facturas`.`cuenta_iban_empleador` (`id_cuenta`, `razon_social`, `estado`) VALUES ('CR110155', '110155', 'Activo');
INSERT INTO `modulo_de_facturas`.`cuenta_iban_empleador` (`id_cuenta`, `razon_social`, `estado`) VALUES ('CR300220', '300220', 'Activo');
INSERT INTO `modulo_de_facturas`.`cuenta_iban_empleador` (`id_cuenta`, `razon_social`, `estado`) VALUES ('CR310105', '310105', 'Activo');
INSERT INTO `modulo_de_facturas`.`cuenta_iban_empleador` (`id_cuenta`, `razon_social`, `estado`) VALUES ('CR310108', '310108', 'Activo');
INSERT INTO `modulo_de_facturas`.`cuenta_iban_empleador` (`id_cuenta`, `razon_social`, `estado`) VALUES ('CR310109', '310109', 'Activo');
INSERT INTO `modulo_de_facturas`.`cuenta_iban_empleador` (`id_cuenta`, `razon_social`, `estado`) VALUES ('CR310132', '310132', 'Activo');
INSERT INTO `modulo_de_facturas`.`cuenta_iban_empleador` (`id_cuenta`, `razon_social`, `estado`) VALUES ('CR310154', '310154', 'Activo');
INSERT INTO `modulo_de_facturas`.`cuenta_iban_empleador` (`id_cuenta`, `razon_social`, `estado`) VALUES ('CR310188', '310188', 'Activo');
INSERT INTO `modulo_de_facturas`.`cuenta_iban_empleador` (`id_cuenta`, `razon_social`, `estado`) VALUES ('CR312834', '312834', 'Activo');
INSERT INTO `modulo_de_facturas`.`cuenta_iban_empleador` (`id_cuenta`, `razon_social`, `estado`) VALUES ('CR314887', '314887', 'Activo');
INSERT INTO `modulo_de_facturas`.`cuenta_iban_empleador` (`id_cuenta`, `razon_social`, `estado`) VALUES ('CR363543', '363543', 'Inactivo');
INSERT INTO `modulo_de_facturas`.`cuenta_iban_empleador` (`id_cuenta`, `razon_social`, `estado`) VALUES ('CR395867', '395867', 'Inactivo');
INSERT INTO `modulo_de_facturas`.`cuenta_iban_empleador` (`id_cuenta`, `razon_social`, `estado`) VALUES ('CR400338', '400338', 'Activo');
INSERT INTO `modulo_de_facturas`.`cuenta_iban_empleador` (`id_cuenta`, `razon_social`, `estado`) VALUES ('CR400902', '400902', 'Activo');

/*Insert demandante*/
INSERT INTO `modulo_de_facturas`.`demandante` (`codigo_empleado`, `razon_social`, `estado`, `cargo`, `salario`, `fecha_Ingreso`, `correo`, `cedula`, `id_telefono`, `id_usuario`) VALUES ('100101', '310109', 'Activo', 'Confeccionador', '700000', '2005-02-05', 'karla@poderjudicial.cr.cr', '113370169', '22953001', '113370169');
INSERT INTO `modulo_de_facturas`.`demandante` (`codigo_empleado`, `razon_social`, `estado`, `cargo`, `salario`, `fecha_Ingreso`, `correo`, `cedula`, `id_telefono`, `id_usuario`) VALUES ('100106', '310109', 'Activo', 'Tramitador', '800000', '2006-07-09', 'Andrea@poderjudicial.cr.cr', '504030267', '22953002', '504030267');
INSERT INTO `modulo_de_facturas`.`demandante` (`codigo_empleado`, `razon_social`, `estado`, `cargo`, `salario`, `fecha_Ingreso`, `correo`, `cedula`, `id_telefono`, `id_usuario`) VALUES ('100104', '310109', 'Activo', 'Aprobador', '900000', '2007-09-10', 'Adriana@poderjudicial.cr.cr', '116590382', '22953003', '116590382');

/*insert telefono demandante*/
INSERT INTO `modulo_de_facturas`.`telefono_demandante` (`id_telefono`, `codigo_empleado`) VALUES ('22953001', '100101');
INSERT INTO `modulo_de_facturas`.`telefono_demandante` (`id_telefono`, `codigo_empleado`) VALUES ('22953003', '100104');
INSERT INTO `modulo_de_facturas`.`telefono_demandante` (`id_telefono`, `codigo_empleado`) VALUES ('22953002', '100106');

/*insert usuario_demandante*/
INSERT INTO `modulo_de_facturas`.`usuario_demandante` (`id_usuario`, `codigo_empleado`, `contrasena_usuario`) VALUES ('113370169', '100101', '1234');
INSERT INTO `modulo_de_facturas`.`usuario_demandante` (`id_usuario`, `codigo_empleado`, `contrasena_usuario`) VALUES ('504030267', '100106', '321');
INSERT INTO `modulo_de_facturas`.`usuario_demandante` (`id_usuario`, `codigo_empleado`, `contrasena_usuario`) VALUES ('116590382', '100104', '789');

/*insert en moneda*/
INSERT INTO `modulo_de_facturas`.`moneda` (`id_moneda`, `nombre_Moneda`) VALUES ('1', 'Colones');
INSERT INTO `modulo_de_facturas`.`moneda` (`id_moneda`, `nombre_Moneda`) VALUES ('2', 'Dolares USA');
INSERT INTO `modulo_de_facturas`.`moneda` (`id_moneda`, `nombre_Moneda`) VALUES ('3', 'Euros');

/*Insert Oferente*/
INSERT INTO `modulo_de_facturas`.`oferente` (`codigo_empleado_oferente`, `estado`, `cargo`, `razon_social`, `cedula`) VALUES ('901', 'Inactivo', 'Ventas', '363543', '20709002');
INSERT INTO `modulo_de_facturas`.`oferente` (`codigo_empleado_oferente`, `estado`, `cargo`, `razon_social`, `cedula`) VALUES ('902', 'Inactivo', 'Ventas', '395867', '10709001');
INSERT INTO `modulo_de_facturas`.`oferente` (`codigo_empleado_oferente`, `estado`, `cargo`, `razon_social`, `cedula`) VALUES ('903', 'Activo', 'Ventas', '110155', '30709003');
INSERT INTO `modulo_de_facturas`.`oferente` (`codigo_empleado_oferente`, `estado`, `cargo`, `razon_social`, `cedula`) VALUES ('904', 'Activo', 'Ventas', '300220', '40709004');
INSERT INTO `modulo_de_facturas`.`oferente` (`codigo_empleado_oferente`, `estado`, `cargo`, `razon_social`, `cedula`) VALUES ('905', 'Activo', 'Ventas', '310105', '50709005');
INSERT INTO `modulo_de_facturas`.`oferente` (`codigo_empleado_oferente`, `estado`, `cargo`, `razon_social`, `cedula`) VALUES ('906', 'Activo', 'Ventas', '310108', '60709005');
INSERT INTO `modulo_de_facturas`.`oferente` (`codigo_empleado_oferente`, `estado`, `cargo`, `razon_social`, `cedula`) VALUES ('907', 'Activo', 'Ventas', '310132', '70709007');

/*Telefono Oferente*/
INSERT INTO `modulo_de_facturas`.`telefono_oferente` (`id_telefono_oferente`, `codigo_empleado_oferente`) VALUES ('25114000', '901');
INSERT INTO `modulo_de_facturas`.`telefono_oferente` (`id_telefono_oferente`, `codigo_empleado_oferente`) VALUES ('22115000', '902');
INSERT INTO `modulo_de_facturas`.`telefono_oferente` (`id_telefono_oferente`, `codigo_empleado_oferente`) VALUES ('22136000', '903');
INSERT INTO `modulo_de_facturas`.`telefono_oferente` (`id_telefono_oferente`, `codigo_empleado_oferente`) VALUES ('23174563', '904');
INSERT INTO `modulo_de_facturas`.`telefono_oferente` (`id_telefono_oferente`, `codigo_empleado_oferente`) VALUES ('21548632', '905');
INSERT INTO `modulo_de_facturas`.`telefono_oferente` (`id_telefono_oferente`, `codigo_empleado_oferente`) VALUES ('12547896', '906');
INSERT INTO `modulo_de_facturas`.`telefono_oferente` (`id_telefono_oferente`, `codigo_empleado_oferente`) VALUES ('85271196', '907');

/* insert correo Oferente*/
INSERT INTO `modulo_de_facturas`.`correo_oferente` (`nombre_correo_oferente`, `codigo_empleado_oferente`) VALUES ('juan@gmail.com', '901');
INSERT INTO `modulo_de_facturas`.`correo_oferente` (`nombre_correo_oferente`, `codigo_empleado_oferente`) VALUES ('pedro@gmail.com', '902');
INSERT INTO `modulo_de_facturas`.`correo_oferente` (`nombre_correo_oferente`, `codigo_empleado_oferente`) VALUES ('pablo@gmail.com', '903');
INSERT INTO `modulo_de_facturas`.`correo_oferente` (`nombre_correo_oferente`, `codigo_empleado_oferente`) VALUES ('lucrecia@gmail.com', '904');
INSERT INTO `modulo_de_facturas`.`correo_oferente` (`nombre_correo_oferente`, `codigo_empleado_oferente`) VALUES ('marta@gmail.com', '905');
INSERT INTO `modulo_de_facturas`.`correo_oferente` (`nombre_correo_oferente`, `codigo_empleado_oferente`) VALUES ('rodolfo@gmail.com', '906');
INSERT INTO `modulo_de_facturas`.`correo_oferente` (`nombre_correo_oferente`, `codigo_empleado_oferente`) VALUES ('lucia@gmail.com', '907');

/*insert Bienes*/
INSERT INTO `modulo_de_facturas`.`bienes_tabla` (`codigo_articulo`, `descripcion`, `precio_bien_unitario`, `fecha_creacion`, `fecha_caducidad`, `pais_origen`, `razon_social`, `tipo_bien`, `material`, `unidad_medida`) VALUES ('80011', 'computadoras', '600000', '2022-05-05', '000-00-00', 'China', '310154', 'producto', 'NA', 'unidad');
INSERT INTO `modulo_de_facturas`.`bienes_tabla` (`codigo_articulo`, `descripcion`, `precio_bien_unitario`, `fecha_creacion`, `fecha_caducidad`, `pais_origen`, `razon_social`, `tipo_bien`, `material`, `unidad_medida`) VALUES ('80012', 'automovil', '14000000', '2022-01-20', '000-00-00', 'Tailandia', '310105', 'producto', 'NA', 'unidad');
INSERT INTO `modulo_de_facturas`.`bienes_tabla` (`codigo_articulo`, `descripcion`, `precio_bien_unitario`, `fecha_creacion`, `fecha_caducidad`, `pais_origen`, `razon_social`, `tipo_bien`, `material`, `unidad_medida`) VALUES ('80013', 'cuaderno', '2500', '000-00-00', '000-00-00', 'El Salvador', '310108', 'producto', 'papel', 'unidad');
INSERT INTO `modulo_de_facturas`.`bienes_tabla` (`codigo_articulo`, `descripcion`, `precio_bien_unitario`, `fecha_creacion`, `fecha_caducidad`, `pais_origen`, `razon_social`, `tipo_bien`, `material`, `unidad_medida`) VALUES ('80014', 'escritorio', '40000', '000-00-00', '000-00-00', 'CR', '310188', 'producto', 'madera', 'unidad');
INSERT INTO `modulo_de_facturas`.`bienes_tabla` (`codigo_articulo`, `descripcion`, `precio_bien_unitario`, `fecha_creacion`, `fecha_caducidad`, `pais_origen`, `razon_social`, `tipo_bien`, `material`, `unidad_medida`) VALUES ('90011', 'limpieza', '2000', '000-00-00', '000-00-00', 'CR', '312834', 'servicio', 'NA', 'metro cuadrado');
INSERT INTO `modulo_de_facturas`.`bienes_tabla` (`codigo_articulo`, `descripcion`, `precio_bien_unitario`, `fecha_creacion`, `fecha_caducidad`, `pais_origen`, `razon_social`, `tipo_bien`, `material`, `unidad_medida`) VALUES ('90012', 'seguridad', '20000', '000-00-00', '000-00-00', 'CR', '314887', 'servicio', 'NA', 'hora');
INSERT INTO `modulo_de_facturas`.`bienes_tabla` (`codigo_articulo`, `descripcion`, `precio_bien_unitario`, `fecha_creacion`, `fecha_caducidad`, `pais_origen`, `razon_social`, `tipo_bien`, `material`, `unidad_medida`) VALUES ('90013', 'luz', '2100', '000-00-00', '000-00-00', 'CR', '400902', 'servicio', 'NA', 'kwh');
INSERT INTO `modulo_de_facturas`.`bienes_tabla` (`codigo_articulo`, `descripcion`, `precio_bien_unitario`, `fecha_creacion`, `fecha_caducidad`, `pais_origen`, `razon_social`, `tipo_bien`, `material`, `unidad_medida`) VALUES ('90014', 'agua', '5', '000-00-00', '000-00-00', 'CR', '400338', 'servicio', 'NA', 'litro');
INSERT INTO `modulo_de_facturas`.`bienes_tabla` (`codigo_articulo`, `descripcion`, `precio_bien_unitario`, `fecha_creacion`, `fecha_caducidad`, `pais_origen`, `razon_social`, `tipo_bien`, `material`, `unidad_medida`) VALUES ('90015', 'internet', '2500', '000-00-00', '000-00-00', 'CR', '310132', 'servicio', 'NA', 'gb descarga');

/*Inser Facturas*/
INSERT INTO `modulo_de_facturas`.`facturas` (`consecutivo`, `tipo_cambio`, `fecha_confeccion`, `fecha_pago`, `precio_neto`, `precio_bruto`, `impuesto_renta`, `impusto_iva`, `unidad`, `total_unidad`, `mes_que_cancela`, `estado`, `razon_Poder`, `codigo_empleado`, `id_cuenta`, `id_Cuenta_Proveedor`, `codigo_empleado_oferente`, `codigo_bien_o_servicio`, `id_detalle`, `id_moneda`) VALUES ('1', '0', '2022-01-05', '2022-01-28', '15503600', '14000000', '2', '13', '1', '1', 'Enero', 'Cancelado', '310109', '100101', 'CR310109', 'CR310105', '905', '80012', '1', '1');
INSERT INTO `modulo_de_facturas`.`facturas` (`consecutivo`, `tipo_cambio`, `fecha_confeccion`, `fecha_pago`, `precio_neto`, `precio_bruto`, `impuesto_renta`, `impusto_iva`, `unidad`, `total_unidad`, `mes_que_cancela`, `estado`, `razon_Poder`, `codigo_empleado`, `id_cuenta`, `id_Cuenta_Proveedor`, `codigo_empleado_oferente`, `codigo_bien_o_servicio`, `id_detalle`, `id_moneda`) VALUES ('2', '0', '2022-01-05', '2022-01-28', '664440', '600000', '2', '13', '1', '1', 'Enero', 'Cancelado', '310109', '100101', 'CR310109', 'CR310154', '0', '80011', '2', '1');
INSERT INTO `modulo_de_facturas`.`facturas` (`consecutivo`, `tipo_cambio`, `fecha_confeccion`, `fecha_pago`, `precio_neto`, `precio_bruto`, `impuesto_renta`, `impusto_iva`, `unidad`, `total_unidad`, `mes_que_cancela`, `estado`, `razon_Poder`, `codigo_empleado`, `id_cuenta`, `id_Cuenta_Proveedor`, `codigo_empleado_oferente`, `codigo_bien_o_servicio`, `id_detalle`, `id_moneda`) VALUES ('3', '0', '2022-01-05', '2022-01-28', '110740', '100000', '2', '13', '40', '40', 'Enero', 'Cancelado', '310109', '100106', 'CR310109', 'CR310132', '907', '90015', '3', '1');
INSERT INTO `modulo_de_facturas`.`facturas` (`consecutivo`, `tipo_cambio`, `fecha_confeccion`, `fecha_pago`, `precio_neto`, `precio_bruto`, `impuesto_renta`, `impusto_iva`, `unidad`, `total_unidad`, `mes_que_cancela`, `estado`, `razon_Poder`, `codigo_empleado`, `id_cuenta`, `id_Cuenta_Proveedor`, `codigo_empleado_oferente`, `codigo_bien_o_servicio`, `id_detalle`, `id_moneda`) VALUES ('4', '0', '2022-01-05', '2022-01-28', '44296', '40000', '2', '13', '1', '1', 'Enero', 'Cancelado', '310109', '100106', 'CR310109', 'CR310188', '0', '80014', '4', '1');
INSERT INTO `modulo_de_facturas`.`facturas` (`consecutivo`, `tipo_cambio`, `fecha_confeccion`, `fecha_pago`, `precio_neto`, `precio_bruto`, `impuesto_renta`, `impusto_iva`, `unidad`, `total_unidad`, `mes_que_cancela`, `estado`, `razon_Poder`, `codigo_empleado`, `id_cuenta`, `id_Cuenta_Proveedor`, `codigo_empleado_oferente`, `codigo_bien_o_servicio`, `id_detalle`, `id_moneda`) VALUES ('5', '0', '2022-01-05', '2022-01-28', '885920', '800000', '2', '13', '400', '400', 'Enero', 'Cancelado', '310109', '100106', 'CR310109', 'CR312834', '0', '90011', '5', '1');
INSERT INTO `modulo_de_facturas`.`facturas` (`consecutivo`, `tipo_cambio`, `fecha_confeccion`, `fecha_pago`, `precio_neto`, `precio_bruto`, `impuesto_renta`, `impusto_iva`, `unidad`, `total_unidad`, `mes_que_cancela`, `estado`, `razon_Poder`, `codigo_empleado`, `id_cuenta`, `id_Cuenta_Proveedor`, `codigo_empleado_oferente`, `codigo_bien_o_servicio`, `id_detalle`, `id_moneda`) VALUES ('6', '0', '2022-02-01', '2022-02-28', '55370', '50000', '2', '13', '10000', '10000', 'Febrero', 'Cancelado', '310109', '100104', 'CR310109', 'CR400338', '0', '90014', '6', '1');
INSERT INTO `modulo_de_facturas`.`facturas` (`consecutivo`, `tipo_cambio`, `fecha_confeccion`, `fecha_pago`, `precio_neto`, `precio_bruto`, `impuesto_renta`, `impusto_iva`, `unidad`, `total_unidad`, `mes_que_cancela`, `estado`, `razon_Poder`, `codigo_empleado`, `id_cuenta`, `id_Cuenta_Proveedor`, `codigo_empleado_oferente`, `codigo_bien_o_servicio`, `id_detalle`, `id_moneda`) VALUES ('7', '0', '2022-02-01', '2022-02-28', '174415.5', '157500', '2', '13', '75', '75', 'Febrero', 'Cancelado', '310109', '100104', 'CR310109', 'CR400902', '0', '90013', '7', '1');
INSERT INTO `modulo_de_facturas`.`facturas` (`consecutivo`, `tipo_cambio`, `fecha_confeccion`, `fecha_pago`, `precio_neto`, `precio_bruto`, `impuesto_renta`, `impusto_iva`, `unidad`, `total_unidad`, `mes_que_cancela`, `estado`, `razon_Poder`, `codigo_empleado`, `id_cuenta`, `id_Cuenta_Proveedor`, `codigo_empleado_oferente`, `codigo_bien_o_servicio`, `id_detalle`, `id_moneda`) VALUES ('8', '0', '2022-02-01', '2022-02-28', '14883456', '13440000', '2', '13', '20000', '20000', 'Febrero', 'Cancelado', '310109', '100104', 'CR310109', 'CR314887', '0', '90012', '8', '1');
INSERT INTO `modulo_de_facturas`.`facturas` (`consecutivo`, `tipo_cambio`, `fecha_confeccion`, `fecha_pago`, `precio_neto`, `precio_bruto`, `impuesto_renta`, `impusto_iva`, `unidad`, `total_unidad`, `mes_que_cancela`, `estado`, `razon_Poder`, `codigo_empleado`, `id_cuenta`, `id_Cuenta_Proveedor`, `codigo_empleado_oferente`, `codigo_bien_o_servicio`, `id_detalle`, `id_moneda`) VALUES ('9', '0', '2022-02-01', '2022-02-28', '332220', '300000', '2', '13', '2', '2', 'Febrero', 'Cancelado', '310109', '100101', 'CR310109', 'CR110155', '0', '0', '9', '1');
INSERT INTO `modulo_de_facturas`.`facturas` (`consecutivo`, `tipo_cambio`, `fecha_confeccion`, `fecha_pago`, `precio_neto`, `precio_bruto`, `impuesto_renta`, `impusto_iva`, `unidad`, `total_unidad`, `mes_que_cancela`, `estado`, `razon_Poder`, `codigo_empleado`, `id_cuenta`, `id_Cuenta_Proveedor`, `codigo_empleado_oferente`, `codigo_bien_o_servicio`, `id_detalle`, `id_moneda`) VALUES ('10', '0', '2022-02-01', '2022-02-28', '1384250', '1250000', '2', '13', '500', '500', 'Febrero', 'Cancelado', '310109', '100101', 'CR310109', 'CR310108', '0', '80013', '10', '1');
INSERT INTO `modulo_de_facturas`.`facturas` (`consecutivo`, `tipo_cambio`, `fecha_confeccion`, `fecha_pago`, `precio_neto`, `precio_bruto`, `impuesto_renta`, `impusto_iva`, `unidad`, `total_unidad`, `mes_que_cancela`, `estado`, `razon_Poder`, `codigo_empleado`, `id_cuenta`, `id_Cuenta_Proveedor`, `codigo_empleado_oferente`, `codigo_bien_o_servicio`, `id_detalle`, `id_moneda`) VALUES ('11', '0', '2022-03-01', '2022-03-28', '31007200', '28000000', '2', '13', '2', '2', 'Marzo', 'Cancelado', '310109', '100101', 'CR310109', 'CR310105', '905', '80012', '11', '1');
INSERT INTO `modulo_de_facturas`.`facturas` (`consecutivo`, `tipo_cambio`, `fecha_confeccion`, `fecha_pago`, `precio_neto`, `precio_bruto`, `impuesto_renta`, `impusto_iva`, `unidad`, `total_unidad`, `mes_que_cancela`, `estado`, `razon_Poder`, `codigo_empleado`, `id_cuenta`, `id_Cuenta_Proveedor`, `codigo_empleado_oferente`, `codigo_bien_o_servicio`, `id_detalle`, `id_moneda`) VALUES ('12', '0', '2022-03-01', '2022-03-28', '1328880', '1200000', '2', '13', '2', '2', 'Marzo', 'Cancelado', '310109', '100106', 'CR310109', 'CR310154', '0', '80011', '12', '1');
INSERT INTO `modulo_de_facturas`.`facturas` (`consecutivo`, `tipo_cambio`, `fecha_confeccion`, `fecha_pago`, `precio_neto`, `precio_bruto`, `impuesto_renta`, `impusto_iva`, `unidad`, `total_unidad`, `mes_que_cancela`, `estado`, `razon_Poder`, `codigo_empleado`, `id_cuenta`, `id_Cuenta_Proveedor`, `codigo_empleado_oferente`, `codigo_bien_o_servicio`, `id_detalle`, `id_moneda`) VALUES ('13', '0', '2022-03-01', '2022-03-28', '221480', '200000', '2', '13', '80', '80', 'Marzo', 'Cancelado', '310109', '100106', 'CR310109', 'CR310132', '907', '90015', '13', '1');
INSERT INTO `modulo_de_facturas`.`facturas` (`consecutivo`, `tipo_cambio`, `fecha_confeccion`, `fecha_pago`, `precio_neto`, `precio_bruto`, `impuesto_renta`, `impusto_iva`, `unidad`, `total_unidad`, `mes_que_cancela`, `estado`, `razon_Poder`, `codigo_empleado`, `id_cuenta`, `id_Cuenta_Proveedor`, `codigo_empleado_oferente`, `codigo_bien_o_servicio`, `id_detalle`, `id_moneda`) VALUES ('14', '0', '2022-03-01', '2022-03-28', '88592', '80000', '2', '13', '2', '2', 'Marzo', 'Cancelado', '310109', '100106', 'CR310109', 'CR310188', '0', '80014', '14', '1');
INSERT INTO `modulo_de_facturas`.`facturas` (`consecutivo`, `tipo_cambio`, `fecha_confeccion`, `fecha_pago`, `precio_neto`, `precio_bruto`, `impuesto_renta`, `impusto_iva`, `unidad`, `total_unidad`, `mes_que_cancela`, `estado`, `razon_Poder`, `codigo_empleado`, `id_cuenta`, `id_Cuenta_Proveedor`, `codigo_empleado_oferente`, `codigo_bien_o_servicio`, `id_detalle`, `id_moneda`) VALUES ('15', '0', '2022-03-01', '2022-03-28', '442960', '400000', '2', '13', '200', '200', 'Marzo', 'Cancelado', '310109', '100101', 'CR310109', 'CR312834', '0', '90011', '15', '1');
INSERT INTO `modulo_de_facturas`.`facturas` (`consecutivo`, `tipo_cambio`, `fecha_confeccion`, `fecha_pago`, `precio_neto`, `precio_bruto`, `impuesto_renta`, `impusto_iva`, `unidad`, `total_unidad`, `mes_que_cancela`, `estado`, `razon_Poder`, `codigo_empleado`, `id_cuenta`, `id_Cuenta_Proveedor`, `codigo_empleado_oferente`, `codigo_bien_o_servicio`, `id_detalle`, `id_moneda`) VALUES ('16', '0', '2022-04-01', '2022-04-28', '27685', '25000', '2', '13', '5000', '5000', 'Abril', 'Cancelado', '310109', '100101', 'CR310109', 'CR400338', '0', '90014', '16', '1');
INSERT INTO `modulo_de_facturas`.`facturas` (`consecutivo`, `tipo_cambio`, `fecha_confeccion`, `fecha_pago`, `precio_neto`, `precio_bruto`, `impuesto_renta`, `impusto_iva`, `unidad`, `total_unidad`, `mes_que_cancela`, `estado`, `razon_Poder`, `codigo_empleado`, `id_cuenta`, `id_Cuenta_Proveedor`, `codigo_empleado_oferente`, `codigo_bien_o_servicio`, `id_detalle`, `id_moneda`) VALUES ('17', '0', '2022-04-01', '2022-04-28', '80673.6', '73500', '2', '13', '35', '35', 'Abril', 'Cancelado', '310109', '100101', 'CR310109', 'CR400902', '0', '90013', '17', '1');
INSERT INTO `modulo_de_facturas`.`facturas` (`consecutivo`, `tipo_cambio`, `fecha_confeccion`, `fecha_pago`, `precio_neto`, `precio_bruto`, `impuesto_renta`, `impusto_iva`, `unidad`, `total_unidad`, `mes_que_cancela`, `estado`, `razon_Poder`, `codigo_empleado`, `id_cuenta`, `id_Cuenta_Proveedor`, `codigo_empleado_oferente`, `codigo_bien_o_servicio`, `id_detalle`, `id_moneda`) VALUES ('18', '0', '2022-04-01', '2022-04-28', '7441728', '6720000', '2', '13', '10000', '10000', 'Abril', 'Cancelado', '310109', '100106', 'CR310109', 'CR314887', '0', '90012', '18', '1');
INSERT INTO `modulo_de_facturas`.`facturas` (`consecutivo`, `tipo_cambio`, `fecha_confeccion`, `fecha_pago`, `precio_neto`, `precio_bruto`, `impuesto_renta`, `impusto_iva`, `unidad`, `total_unidad`, `mes_que_cancela`, `estado`, `razon_Poder`, `codigo_empleado`, `id_cuenta`, `id_Cuenta_Proveedor`, `codigo_empleado_oferente`, `codigo_bien_o_servicio`, `id_detalle`, `id_moneda`) VALUES ('19', '0', '2022-04-01', '2022-04-28', '166110', '150000', '2', '13', '1', '1', 'Abril', 'Cancelado', '310109', '100106', 'CR310109', 'CR110155', '0', '0', '19', '1');
INSERT INTO `modulo_de_facturas`.`facturas` (`consecutivo`, `tipo_cambio`, `fecha_confeccion`, `fecha_pago`, `precio_neto`, `precio_bruto`, `impuesto_renta`, `impusto_iva`, `unidad`, `total_unidad`, `mes_que_cancela`, `codigo_empleado`, `id_cuenta`, `id_Cuenta_Proveedor`, `codigo_empleado_oferente`, `codigo_bien_o_servicio`, `id_detalle`, `id_moneda`) VALUES ('20', '0', '2022-04-01', '2022-04-28', '77518', '70000', '2', '13', '20', '20', 'Abril', '100104', 'CR310109', 'CR300220', '0', '0', '20', '1');
INSERT INTO `modulo_de_facturas`.`facturas` (`consecutivo`, `tipo_cambio`, `fecha_confeccion`, `fecha_pago`, `precio_neto`, `precio_bruto`, `impuesto_renta`, `impusto_iva`, `unidad`, `total_unidad`, `mes_que_cancela`, `codigo_empleado`, `id_cuenta`, `id_Cuenta_Proveedor`, `codigo_empleado_oferente`, `codigo_bien_o_servicio`, `id_detalle`, `id_moneda`) VALUES ('21', '0', '2022-04-01', '2022-04-28', '155036', '140000', '2', '13', '40', '40', 'Abril', '100104', 'CR310109', 'CR300220', '0', '0', '21', '1');
INSERT INTO `modulo_de_facturas`.`facturas` (`consecutivo`, `tipo_cambio`, `fecha_confeccion`, `fecha_pago`, `precio_neto`, `precio_bruto`, `impuesto_renta`, `impusto_iva`, `unidad`, `total_unidad`, `mes_que_cancela`, `codigo_empleado`, `id_cuenta`, `id_Cuenta_Proveedor`, `codigo_empleado_oferente`, `codigo_bien_o_servicio`, `id_detalle`, `id_moneda`) VALUES ('22', '0', '2022-05-01', '2022-05-28', '77518', '70000', '2', '13', '20', '20', 'Mayo', '100104', 'CR310109', 'CR300220', '0', '0', '22', '1');
INSERT INTO `modulo_de_facturas`.`facturas` (`consecutivo`, `tipo_cambio`, `fecha_confeccion`, `fecha_pago`, `precio_neto`, `precio_bruto`, `impuesto_renta`, `impusto_iva`, `unidad`, `total_unidad`, `mes_que_cancela`, `codigo_empleado`, `id_cuenta`, `id_Cuenta_Proveedor`, `codigo_empleado_oferente`, `codigo_bien_o_servicio`, `id_detalle`, `id_moneda`) VALUES ('23', '0', '2022-06-01', '2022-06-28', '38759', '35000', '2', '13', '10', '10', 'Junio', '100104', 'CR310109', 'CR300220', '0', '0', '23', '1');
INSERT INTO `modulo_de_facturas`.`facturas` (`consecutivo`, `tipo_cambio`, `fecha_confeccion`, `fecha_pago`, `precio_neto`, `precio_bruto`, `impuesto_renta`, `impusto_iva`, `unidad`, `total_unidad`, `mes_que_cancela`, `codigo_empleado`, `id_cuenta`, `id_Cuenta_Proveedor`, `codigo_empleado_oferente`, `codigo_bien_o_servicio`, `id_detalle`, `id_moneda`) VALUES ('24', '0', '2022-07-01', '2022-07-28', '38759', '35000', '2', '13', '10', '10', 'Julio', '100104', 'CR310109', 'CR300220', '0', '0', '24', '1');
INSERT INTO `modulo_de_facturas`.`facturas` (`consecutivo`, `tipo_cambio`, `fecha_confeccion`, `fecha_pago`, `precio_neto`, `precio_bruto`, `impuesto_renta`, `impusto_iva`, `unidad`, `total_unidad`, `mes_que_cancela`, `codigo_empleado`, `id_cuenta`, `id_Cuenta_Proveedor`, `codigo_empleado_oferente`, `codigo_bien_o_servicio`, `id_detalle`, `id_moneda`) VALUES ('25', '0', '2022-08-01', '2022-08-28', '19379.5', '17500', '2', '13', '5', '5', 'Agosto', '100104', 'CR310109', 'CR300220', '0', '0', '25', '1');
INSERT INTO `modulo_de_facturas`.`facturas` (`consecutivo`, `tipo_cambio`, `fecha_confeccion`, `fecha_pago`, `precio_neto`, `precio_bruto`, `impuesto_renta`, `impusto_iva`, `unidad`, `total_unidad`, `mes_que_cancela`, `codigo_empleado`, `id_cuenta`, `id_Cuenta_Proveedor`, `codigo_empleado_oferente`, `codigo_bien_o_servicio`, `id_detalle`, `id_moneda`) VALUES ('26', '0', '2022-09-01', '2022-09-28', '19379.5', '17500', '2', '13', '5', '5', 'Setiembre', '100104', 'CR310109', 'CR300220', '0', '0', '26', '1');
INSERT INTO `modulo_de_facturas`.`facturas` (`consecutivo`, `tipo_cambio`, `fecha_confeccion`, `fecha_pago`, `precio_neto`, `precio_bruto`, `impuesto_renta`, `impusto_iva`, `unidad`, `total_unidad`, `mes_que_cancela`, `codigo_empleado`, `id_cuenta`, `id_Cuenta_Proveedor`, `codigo_empleado_oferente`, `codigo_bien_o_servicio`, `id_detalle`, `id_moneda`) VALUES ('27', '0', '2022-10-01', '2022-10-28', '15052.8', '14000', '2', '13', '4', '4', 'Octubre', '100104', 'CR310109', 'CR300220', '0', '0', '27', '1');
INSERT INTO `modulo_de_facturas`.`facturas` (`consecutivo`, `tipo_cambio`, `fecha_confeccion`, `fecha_pago`, `precio_neto`, `precio_bruto`, `impuesto_renta`, `impusto_iva`, `unidad`, `total_unidad`, `mes_que_cancela`, `codigo_empleado`, `id_cuenta`, `id_Cuenta_Proveedor`, `codigo_empleado_oferente`, `codigo_bien_o_servicio`, `id_detalle`, `id_moneda`) VALUES ('28', '0', '2022-01-01', '2022-01-28', '15052.8', '14000', '2', '13', '4', '4', 'Enero', '100104', 'CR310109', 'CR300220', '0', '0', '28', '1');
INSERT INTO `modulo_de_facturas`.`facturas` (`consecutivo`, `tipo_cambio`, `fecha_confeccion`, `fecha_pago`, `precio_neto`, `precio_bruto`, `impuesto_renta`, `impusto_iva`, `unidad`, `total_unidad`, `mes_que_cancela`, `codigo_empleado`, `id_cuenta`, `id_Cuenta_Proveedor`, `codigo_empleado_oferente`, `codigo_bien_o_servicio`, `id_detalle`, `id_moneda`) VALUES ('29', '0', '2022-02-01', '2022-02-28', '15052.8', '14000', '2', '13', '4', '4', 'Febrero', '100104', 'CR310109', 'CR300220', '0', '0', '29', '1');
INSERT INTO `modulo_de_facturas`.`facturas` (`consecutivo`, `tipo_cambio`, `fecha_confeccion`, `fecha_pago`, `precio_neto`, `precio_bruto`, `impuesto_renta`, `impusto_iva`, `unidad`, `total_unidad`, `mes_que_cancela`, `codigo_empleado`, `id_cuenta`, `id_Cuenta_Proveedor`, `codigo_empleado_oferente`, `codigo_bien_o_servicio`, `id_detalle`, `id_moneda`) VALUES ('30', '0', '2022-03-01', '2022-03-28', '15052.8', '14000', '2', '13', '4', '4', 'Marzo', '100104', 'CR310109', 'CR300220', '0', '0', '30', '1');

/*insert detalle*/
INSERT INTO `modulo_de_facturas`.`detalle` (`id_detalle`, `precio_Total`, `unidades_Total`, `consecutivo`) VALUES ('1', '15503600', '1', '1');
INSERT INTO `modulo_de_facturas`.`detalle` (`id_detalle`, `precio_Total`, `unidades_Total`, `consecutivo`) VALUES ('2', '664440', '1', '2');
INSERT INTO `modulo_de_facturas`.`detalle` (`id_detalle`, `precio_Total`, `unidades_Total`, `consecutivo`) VALUES ('3', '110740', '40', '3');
INSERT INTO `modulo_de_facturas`.`detalle` (`id_detalle`, `precio_Total`, `unidades_Total`, `consecutivo`) VALUES ('4', '44296', '1', '4');
INSERT INTO `modulo_de_facturas`.`detalle` (`id_detalle`, `precio_Total`, `unidades_Total`, `consecutivo`) VALUES ('5', '885920', '400', '5');
INSERT INTO `modulo_de_facturas`.`detalle` (`id_detalle`, `precio_Total`, `unidades_Total`, `consecutivo`) VALUES ('6', '55370', '10000', '6');
INSERT INTO `modulo_de_facturas`.`detalle` (`id_detalle`, `precio_Total`, `unidades_Total`, `consecutivo`) VALUES ('7', '174416', '75', '7');
INSERT INTO `modulo_de_facturas`.`detalle` (`id_detalle`, `precio_Total`, `unidades_Total`, `consecutivo`) VALUES ('8', '14883500', '20000', '8');
INSERT INTO `modulo_de_facturas`.`detalle` (`id_detalle`, `precio_Total`, `unidades_Total`, `consecutivo`) VALUES ('9', '332220', '2', '9');
INSERT INTO `modulo_de_facturas`.`detalle` (`id_detalle`, `precio_Total`, `unidades_Total`, `consecutivo`) VALUES ('10', '1384250', '500', '10');
INSERT INTO `modulo_de_facturas`.`detalle` (`id_detalle`, `precio_Total`, `unidades_Total`, `consecutivo`) VALUES ('11', '31007200', '2', '11');
INSERT INTO `modulo_de_facturas`.`detalle` (`id_detalle`, `precio_Total`, `unidades_Total`, `consecutivo`) VALUES ('12', '1328880', '2', '12');
INSERT INTO `modulo_de_facturas`.`detalle` (`id_detalle`, `precio_Total`, `unidades_Total`, `consecutivo`) VALUES ('13', '221480', '80', '13');
INSERT INTO `modulo_de_facturas`.`detalle` (`id_detalle`, `precio_Total`, `unidades_Total`, `consecutivo`) VALUES ('14', '88592', '2', '14');
INSERT INTO `modulo_de_facturas`.`detalle` (`id_detalle`, `precio_Total`, `unidades_Total`, `consecutivo`) VALUES ('15', '442960', '200', '15');
INSERT INTO `modulo_de_facturas`.`detalle` (`id_detalle`, `precio_Total`, `unidades_Total`, `consecutivo`) VALUES ('16', '27685', '5000', '16');
INSERT INTO `modulo_de_facturas`.`detalle` (`id_detalle`, `precio_Total`, `unidades_Total`, `consecutivo`) VALUES ('17', '80673.6', '35', '17');
INSERT INTO `modulo_de_facturas`.`detalle` (`id_detalle`, `precio_Total`, `unidades_Total`, `consecutivo`) VALUES ('18', '7441730', '10000', '18');
INSERT INTO `modulo_de_facturas`.`detalle` (`id_detalle`, `precio_Total`, `unidades_Total`, `consecutivo`) VALUES ('19', '166110', '1', '19');
INSERT INTO `modulo_de_facturas`.`detalle` (`id_detalle`, `precio_Total`, `unidades_Total`, `consecutivo`) VALUES ('20', '77518', '20', '20');
INSERT INTO `modulo_de_facturas`.`detalle` (`id_detalle`, `precio_Total`, `unidades_Total`, `consecutivo`) VALUES ('21', '155036', '40', '21');
INSERT INTO `modulo_de_facturas`.`detalle` (`id_detalle`, `precio_Total`, `unidades_Total`, `consecutivo`) VALUES ('22', '77518', '20', '22');
INSERT INTO `modulo_de_facturas`.`detalle` (`id_detalle`, `precio_Total`, `unidades_Total`, `consecutivo`) VALUES ('23', '38759', '10', '23');
INSERT INTO `modulo_de_facturas`.`detalle` (`id_detalle`, `precio_Total`, `unidades_Total`, `consecutivo`) VALUES ('24', '38759', '10', '24');
INSERT INTO `modulo_de_facturas`.`detalle` (`id_detalle`, `precio_Total`, `unidades_Total`, `consecutivo`) VALUES ('25', '19379.5', '5', '25');
INSERT INTO `modulo_de_facturas`.`detalle` (`id_detalle`, `precio_Total`, `unidades_Total`, `consecutivo`) VALUES ('26', '19379.5', '5', '26');
INSERT INTO `modulo_de_facturas`.`detalle` (`id_detalle`, `precio_Total`, `unidades_Total`, `consecutivo`) VALUES ('27', '15052.8', '4', '27');
INSERT INTO `modulo_de_facturas`.`detalle` (`id_detalle`, `precio_Total`, `unidades_Total`, `consecutivo`) VALUES ('28', '15052.8', '4', '28');
INSERT INTO `modulo_de_facturas`.`detalle` (`id_detalle`, `precio_Total`, `unidades_Total`, `consecutivo`) VALUES ('29', '15052.8', '4', '29');
INSERT INTO `modulo_de_facturas`.`detalle` (`id_detalle`, `precio_Total`, `unidades_Total`, `consecutivo`) VALUES ('30', '15052.8', '4', '30');
